FeedbackID,StoreID,CustomerID,FeedbackText,FeedbackDate,RowHash
c4327933-d0b6-43c1-aa77-ccf82dfbb2bc,1606,177,Once treat firm weight evening operation resource moment financial Mr three.,2025-04-14,aa68ee152770c0c881d3f15cb59a858a
0eb98630-ff6e-4dc8-a006-078771745eda,1443,2145,Large along child drug prove style cold pay new.,2025-03-31,432a147e9a4f4cc9d5ec8201c6dc56f1
9f77f53d-b81b-44d5-b5dc-1098c39fea08,829,172,Society senior cold second truth debate item.,2025-03-16,33f547a1cf764d0407ad0e46277922c9
424af469-00ef-4384-a658-5358445c9821,1125,3105,Job fall skin upon see nation carry war reflect sing control century.,2025-03-31,140d85d8384f272313c1ccfd0b3b5a70
0d06fc23-7162-44b3-ae49-0e0b255271d2,910,2773,Word reveal change media tree large difficult environmental wide what.,2025-01-02,2039ebd0f26532446cc858c1b4493dd5
b27adb1a-03d4-4fb0-b533-d29b07046524,1723,2500,Consider Mr statement entire plan spend senior without PM happy drug.,2025-03-24,a16ee8d8836075a348bdea73ee80fbd3
b8b1f083-18f8-4cd0-b9e6-66d060cd955d,3738,1968,Cover practice teach surface laugh popular short argue.,2025-03-06,30719baa69373349ec684c4bbb6ffdf6
8282c438-d223-4391-9f46-56a66848a381,3029,3051,Fund ground once design walk simply determine player.,2025-01-25,269803021e301405b6fd420a1f399f11
872d1d7d-d025-4316-aa5c-30ae773f48a6,1404,4317,Nearly staff special type against remember small among.,2025-01-30,51e53cf701feeb9ad227999c38646544
b39b2868-b9b0-4050-b104-9b93257a5c9d,3554,536,Garden face improve page smile range wonder somebody throughout work.,2025-05-07,89e3048df0cf2df22e4ca96cdba4699d
19f25012-19e3-444f-b991-2d547b91f2ac,971,1184,Fall billion live newspaper take attorney.,2025-04-24,ccebffbbab7cdf3e208b4a9f16f47085
14d94e14-3ea2-4ddc-b399-504a6b41ffd7,1072,1554,Point ten hundred population do hospital skill them herself act white.,2025-02-24,584e7a30b8bb7ae74c3a150e57d8f9fc
609b6ee9-212c-44d5-b80e-c0fdbea899bd,1571,4363,Provide today second issue second debate Republican perhaps audience ready exist own.,2025-03-10,f198ad36a6e56179dab5b44cf060f988
e5fdf5fa-946e-4903-944d-9980c2c41b8e,3099,3066,Let ready ahead process institution claim quality energy fine style quality everything.,2025-02-01,d59207360c7e25dd53542d4d90006bf1
479268a0-61cb-4ac3-9c68-7ef61951a67d,2605,4912,Ever major agency new follow arrive can responsibility different western office.,2025-01-06,91fc1978a2bbef047b022fdb8bc09ff2
eada2b08-7ff8-4198-bdf9-6dcecc0af360,3519,2004,Drop war material term heavy name easy.,2025-03-24,785b3e6b446ada7b36202c01a4ea2a3f
a3ea5e01-458f-478d-8b24-8fbe84adfbf8,379,4812,Person fly thought simple away must admit bring stand deal exactly space for.,2025-03-31,c565c4aa6bea7ee1356b8a133764c1ff
349e0386-876d-43d3-b657-db881a75c776,1550,4387,Can pretty make memory leave your.,2025-03-15,ab156a74d5cfb9a27c0b9c515082e9e3
b4b23801-842a-45c1-9554-334a9d0a69f0,2410,1218,Part process happy recent ok today government manager nothing particularly.,2025-03-14,4d4650860f124fbbd615bc52240ef679
eba1628e-337d-472f-ab2f-32ccc52dcb65,2685,2025,Agent garden to drive pick care report bar boy method.,2025-02-25,848d9c709169eda900a265862361cf16
6181848d-b070-42b2-a69c-fd9ed13efdce,437,2295,Next person walk ready capital table.,2025-03-13,c85c363c94bd34d15eb18525b77484de
34a38969-1089-4aa7-a3f2-8ff280ecd560,1036,4164,Speak article laugh protect morning with clearly.,2025-01-15,ee1e7d0e555e65bb27d98a1ea0ff21c4
b447ae70-1821-4061-8015-248d02509753,4785,4006,Practice benefit attack pick continue federal traditional man report floor art.,2025-02-09,6a6e8fc492dbf6607618b1154299c219
9178c292-9806-4e35-960a-1497854d360e,1715,667,Smile professor list history performance energy.,2025-02-09,440764b71b7dd2aa2797a9d6dc05082e
1516658e-3cea-4971-99ab-db71896b024a,3856,532,Message simple center week country rock.,2025-02-16,afd4ccdab11a823a3bbd5ff276aed2fd
90f66826-73d9-44ef-ad45-0223b6320561,1372,4167,Rich before collection yeah there experience say common.,2025-02-08,fd9966dae2042ae6e87d7b1e87e6f760
5e949fc2-28a0-40aa-9119-e1ddfb7c187d,3180,4172,Do popular some against economy compare respond state top gun store.,2025-02-01,9cf3eedf0f602f8ddd37d41290b0bd77
acebb712-8471-431a-86b4-457c145fa8f9,3066,4085,Long first nothing religious executive stage part education carry treat.,2025-02-15,4444ac906b53382a4c63ec54016c3f85
9787e1e8-3c63-4d9b-b8c8-0d2907d1ad0a,4251,3804,Foot image beat tonight beautiful whom box.,2025-02-28,30b8fd36071b4d51ed11322b04167cc3
0d8e3542-f411-4c2f-9bfa-ceeb84ce17b8,1467,2637,Energy maybe happen attention Democrat short perhaps reality.,2025-03-31,321ec43758b6db0adf8753e76af34469
2203322d-2884-433f-9f92-728178c5428c,3063,4305,Natural beautiful management face campaign should character significant people third remain.,2025-04-08,f20f0ab0b5826b0c3399485e3106543c
a4a28201-cc0d-437d-bd8d-a9c5e938ccd4,3960,4054,Yes always face teacher night clear moment.,2025-04-27,7733f585b3506bbeaa06e1b20f9091a7
ef47736a-483d-4f0e-a336-d024400697f1,3882,2199,New population represent official quality few.,2025-03-11,5541a867dd531964745520fe768f0ea4
781dc63b-7451-4c90-909d-aac87d43a7da,4762,3285,Could station blue office operation message audience describe.,2025-03-04,a5df88d2387c0adc6a7fc77fc48ec37b
91d1ff93-d0f6-44ad-9ef7-6c493a9d97f3,4784,300,Who risk recent behind where do issue television human approach feel.,2025-01-14,2be176e02666868a813541322a33c110
602505b2-9210-402f-9c49-e08047e49ec7,1698,1799,Be teach design natural none peace thousand soldier look along spend air.,2025-02-16,36095b9aeb4affe60562b61af2eafd16
cb8849e5-6f8f-4f46-80f7-bd0cd2956017,1663,3704,Site age thought eat well enjoy happy agreement.,2025-04-06,f1a11556154146721b7bd677685800a6
d1c09a98-7d26-4689-bd64-b24c7bb13129,1921,3244,Eight mind show general step many.,2025-03-09,040938e5bc41392b18f7a8b95fe9c5c8
7d5e3568-aa85-4b09-922d-ae8ffbec3078,1791,2507,Group teacher learn difficult stay sense decade.,2025-03-18,b9eccb896e5454a3c01876e3d8a42dc9
8ed38e67-8e91-47ce-bca3-17181e3f0ba9,3482,3090,Structure product where mean baby present.,2025-05-11,7565a78c1672810cb802debe8eed7438
fe4a9fa6-51a1-4e26-afde-d644c61898d6,4681,1288,Firm threat sense with wife west.,2025-04-22,9221ba9d35d4fc65e481f6a4e6f65a4e
44d76eca-b9d1-4f53-b216-45b24211e78e,3065,2086,Here sign art human left add order exactly trial television whose however painting.,2025-01-27,e3400bccdeb0e362ed85d06fc73e2fe6
98c0d1b3-5d63-4d24-83b1-bc1ea9d2bfe3,4511,695,Design leave ahead blue race mission across ago many.,2025-01-13,b9316914b71433acb0c8fbdc1f378e3e
b5f74504-0e09-41c2-a3ba-17dc572af306,1101,689,Pretty nice cup consumer fear such sometimes image threat.,2025-04-06,416000a866db2d40848985dccedef5db
1a419b42-272a-4208-b404-827538460e04,2418,3642,Experience receive really need performance prepare during friend rule.,2025-04-23,be63aae04158ecd6e3b0d2808b23ed10
9903b3b1-eb13-4b6b-9a2e-cf0713dc14aa,4251,2881,Cost modern threat tree stuff center health watch sea green your both.,2025-05-01,44f1c06adcf88cb20551a725cb35c8ad
ad51adc4-bea4-4b46-a616-8c8fda06598b,1886,4784,Thus western site white try mind close.,2025-02-15,7f0e8475abfc3ff52b29623da925b825
21baa6b4-692d-41f7-8543-aeb7ee573ee7,338,3812,Many night deal report crime there subject court well mother allow.,2025-02-15,831734fbb34c821d8b94a0114f769b50
91e84d18-b28b-435f-9b59-060dee44b19e,4197,2756,Effort hair find inside son military scene want entire hotel make.,2025-01-18,f73490a50203238c4878e0f3ca58b75c
754d444c-6a4c-4227-83a1-c35460ba96f2,3491,3696,Although direction leader generation collection kind hundred.,2025-01-24,4e0eccb4052648158ab8dab486656948
30354ed6-7dcd-4729-9371-6c4c70fe56f7,3831,3544,Group few mention book simply education bag keep name.,2025-03-02,5cd568aa437174630ef56de150613857
810f7bbd-4c64-427e-9121-65c60ee04d40,3351,3011,Reflect through authority much brother film true teacher.,2025-03-14,e1f246e2e782207546bb2d35cc16df85
87fe0512-0639-49e8-a224-d10163ee67e4,4076,2598,Become parent hundred security site game.,2025-05-03,f4ab152d45fd440e5f2ef028618c2281
4f19005a-6d09-4355-b265-25dc5df493c0,2237,3133,Here go election score may east media eight support.,2025-02-14,98ed2569da06510ec14daf4995fb6fe6
7c205f21-4f28-4f90-86a1-91b3a07dd6f2,203,1472,Later write southern cup theory quality place fire yeah summer government improve.,2025-03-24,668b0e63c4cb6713b448a80b3586f286
2e19ef6a-77f6-485f-8d63-7577c0097c43,3619,1916,Across yeah surface behavior western poor.,2025-01-27,c8d891b6b5c681d631d8c2c7a5622b2f
76e481fc-e3cc-4410-a5b7-df189ccf0604,2176,622,Market change determine mission son likely environment.,2025-01-25,6ff9c5513f60665aa4f55718b0145808
970289e4-1674-43e2-a2cd-bea4c2169ee0,2942,676,Prepare risk she season sort hospital morning.,2025-04-14,75c59c6b181279a358bc35ff4f82c843
9781b2a5-6156-41fa-9fbb-d57f947b0d82,2413,4111,Probably themselves walk foot quickly late woman one else sit.,2025-04-28,25126bc9448a0f7f436885f7c823de50
de7742c8-2a7e-45f2-bb1f-888ff6f037ce,4201,4479,Be raise trade almost box country sound so task send water drive staff.,2025-05-03,fc3201d4c1248949f5b38030be15850d
efa4edfa-055f-49f8-abb6-041d82c11039,641,2265,No country seat listen leg administration information special up.,2025-03-06,45753dbd67a61e966f8dc92f8680a82a
deeeaa5a-d7a5-48c9-92d6-6dd7ef2fa7c7,1866,807,Friend report figure Congress west effort party hit office family structure wonder seem.,2025-04-03,e0480f2416c8a795c1525ee4ec8123ea
bac5ce6b-5de6-45a5-8cc3-4d123ac2992c,972,585,Suddenly candidate garden matter whose born whom score you us.,2025-01-13,518ad82d4a64ef6c866999af106549fd
fbbe425a-4eff-4579-abcd-268af1c1b095,2952,314,Daughter fill oil situation recent five contain fine brother important defense.,2025-02-14,b606ba05824cc53e120b3856bd157c71
ecda214c-b82e-41d2-9ae7-31f9edaf9350,4474,1641,Institution travel method main before western system apply.,2025-03-28,54452d63dd8dc8a0b74ed0b1b337fde0
3e497c2b-3f65-4f38-967d-71825184b6e6,2735,1611,Let whole billion raise performance player.,2025-03-07,e6d19d0788f512fb18e330edd51b687d
e739e39d-aeb8-4442-9723-ff5559824bd9,2698,2049,If avoid school American establish yourself water not nice bed TV.,2025-02-26,ccd7b2eb9922ca3f8cbc360b843824ee
cab83522-7580-40d5-8181-bd7d474bed10,2480,2249,Personal through summer song finish go change you.,2025-04-16,e41673fc881a6ffdc36c7c586fa77212
5368e975-1066-43c1-96a9-a47f5217caec,1562,4949,Policy low purpose special require teacher probably off.,2025-04-18,a6e6e2341bd77ab636a02d12a82940a3
0c783bfd-0b3a-410c-958f-5a4e57c736c4,1130,4450,Process answer catch those her PM week.,2025-04-02,e757850a95a0d10034c36689148a1036
6296a584-e5cf-4ce8-8280-b863a4db066f,2140,70,Still game night third rock ask modern.,2025-04-02,12c2f65cce39c3eb14d9be0955f9dd1c
dc37f509-c4bb-4586-b89c-523bbd5c630e,2454,2309,Push miss organization authority return ability.,2025-04-23,a2278ba2acbfc473173c5864cf25a0c1
aa2f51d8-29e8-4cca-a708-5eb1548c42bd,2840,3309,Break indicate away usually election high power.,2025-01-21,b74d65edd678214542f88b544f20e6fb
9893f738-96f4-4d4b-9bfb-30747df1c00a,3324,4751,Task drop serve leader song common should their majority where spend provide true.,2025-05-07,5597669d640fb0b9593c209c5dc9d10e
3c1da83a-069b-4cea-b5b2-4fd1ebf8e412,98,3867,Wide continue market return lot factor push will many above.,2025-04-02,86111a4c5de6ebd1a6eda9adc4ce5ecc
37101add-6117-47ad-9483-7c0b272ef6ac,4200,1223,Night building chair drug free believe beautiful power side stock nearly clear coach.,2025-04-04,f5692693cd81e9dd4534eb9746685be6
422649a6-0db8-436d-bf49-31d03bcb603d,3257,1865,Will art important image road chance involve treat such near Democrat number young.,2025-03-31,dd66e4b9243d8b2ff5df5a9691720637
42ffeff0-a7cd-4dd8-b628-8018585800ad,1859,1720,Important I stay morning window shoulder.,2025-01-01,2d1d4b85d863f1c0562d3cf01eb12434
331dd397-8085-4fcf-85b7-4cef3bb62faa,3887,1915,Country year line story see successful.,2025-01-05,eb774306b6c0213ea3ccef77b26c94dd
5f236f91-b597-44f8-b5bd-3b80ea7ffb61,4226,4809,Another early minute article place sell indicate require shake seem voice.,2025-02-13,c5271d6d0bac8f3b8c8c0aa1bbe267f9
433f3634-ded5-4be3-bb9a-1fa07c1acca7,4528,3840,Already song some relationship number threat method event.,2025-02-22,33a20bfeed41cf6d7c509a8aeb40f1a2
71751fa7-3f26-4c52-82a7-fa722a480aa8,3780,2791,Choice receive itself reveal must tend value compare important arrive little expert tell.,2025-03-08,74b1c745469ecc48d1bebb1c88cc3de9
a1492746-a836-40bd-ab25-bb52b6de8b3a,704,2565,First card likely growth everybody significant member maybe land one marriage.,2025-04-23,9920ba4580a6db8393ad52ad6c07e043
0c5b5038-1254-4276-b13d-e9fd4af3b672,1539,3513,About try American film share senior article join conference particularly.,2025-02-13,0351f0a80cc430857c145e6f3c15dfa3
a974210b-402d-413e-bd11-9fe228f8e6b4,3422,1717,Describe suddenly home weight eight commercial.,2025-03-14,7e65d4709d313ce9aa471918a6ac62da
e4212d9b-dfe2-44fd-bf12-6f8219947913,3594,3687,Development act treat serve yourself left simple election set run dinner.,2025-01-17,c5967fa512921172f8e32d90a6ed84d4
5ebe8ea3-bbf2-46b4-916e-8717e790666b,4575,247,Middle chair chance let seat happy by remain customer set offer.,2025-01-05,7b702776003d1c1053fef74221e37bc4
5de3ec4e-d5eb-4b50-9088-1978b2e0e0c5,3070,1139,Result group study decide rich short.,2025-04-27,d5e00a7f20bfe6eeae0ca8df86428b1a
b32a175f-c149-4528-a830-62ef755596fc,4731,1052,Create manage discover year can mouth great hundred.,2025-04-11,4f0f7f9ed675ab217eb81b326036bd7a
296537b2-224d-409f-bb68-c2b1404fccf0,2504,80,Let time strategy sport market computer front often.,2025-01-20,4dbf81029f3278635cfa8b23183896ac
bee4aa85-2cd7-4adc-ae74-6e30c10324df,4095,2906,Do director likely short recognize those.,2025-01-02,5f07b617e15b650e22dbd0d698dc8b8b
11bf45dd-933a-49fe-b399-e700f7a7870f,2784,1848,Realize fine pressure economy to daughter knowledge environment course thought cultural buy.,2025-05-02,1e95d1c2b61fc06aaf0c72b8dcabce74
87248248-9461-406d-8cdc-8f8d32bcf3d1,3434,3488,Thought method mouth happen play why campaign population through personal actually let.,2025-03-27,c5c84cf001db315787ce658801f42967
5296bed6-a4c4-4d9a-9b9c-166616b3c8f9,3305,4405,Or song politics he very quality local.,2025-03-23,379a2ba723690036382e3fe12f7f76a6
aebd68f0-52d3-4318-9d44-e57c114a8d8a,2455,2672,Probably music throw present history hard relationship film road reality benefit majority recent.,2025-02-13,0049810b043533c56b99db23591e8680
4d5e3bd7-2753-435a-92ce-623bc738afce,4809,191,Per church eye follow require pick late positive yard owner mission.,2025-03-12,15f01687027a47930142b0467fc2b51f
a89be5c6-d432-4299-a898-45f76ffbf1d8,4650,264,Daughter rise car yeah degree sort also owner party parent trial quality military.,2025-02-12,3fd23d16585b861dd8d7140b7f1cfcba
c68fb8f8-2ac3-41b3-89a8-24f9cf704c5d,1140,1260,Bag head draw behind member serious station inside.,2025-03-09,c9b7b2537f747094cc56396a08aad3fb
c2e265f6-c6a2-4f3a-8ffe-0acf2b17a987,2706,4655,Single race road campaign activity job theory say model point.,2025-01-08,46a303d762df9b901f63af7718adf840
bc3e0d48-e029-439d-9d14-5cea214293d3,4940,4980,Position development fear individual behavior fear nothing question investment central on.,2025-04-30,ddebe6e136769db3bdf104496b9d4e3d
