StoreEventID,StoreID,EventName,EventDate
SE00001,STORE003,Balanced logistical time-frame,2024-11-09
SE00002,STORE014,Right-sized regional portal,2024-11-04
SE00003,STORE066,Profit-focused well-modulated migration,2024-11-22
SE00004,STORE075,Versatile discrete flexibility,2025-03-07
SE00005,STORE067,Enterprise-wide context-sensitive access,2025-03-10
SE00006,STORE031,Ameliorated directional superstructure,2024-08-21
SE00007,STORE033,Fully-configurable content-based open architecture,2024-08-23
SE00008,STORE001,Integrated leadingedge time-frame,2024-11-18
SE00009,STORE044,Networked hybrid project,2025-05-20
SE00010,STORE015,Virtual real-time neural-net,2025-05-07
SE00011,STORE037,Implemented zero-defect archive,2024-07-22
SE00012,STORE027,Open-source didactic project,2024-08-13
SE00013,STORE048,Proactive bandwidth-monitored data-warehouse,2024-06-24
SE00014,STORE027,Down-sized system-worthy task-force,2024-12-01
SE00015,STORE012,Versatile bandwidth-monitored architecture,2024-09-02
SE00016,STORE067,Organic client-driven analyzer,2024-06-08
SE00017,STORE030,Expanded neutral approach,2025-03-20
SE00018,STORE066,Visionary actuating neural-net,2024-08-31
SE00019,STORE007,Right-sized upward-trending collaboration,2025-02-01
SE00020,STORE034,Future-proofed uniform groupware,2024-09-29
SE00021,STORE032,Customizable bifurcated emulation,2025-02-04
SE00022,STORE039,Distributed empowering algorithm,2025-04-29
SE00023,STORE043,Robust coherent circuit,2024-10-20
SE00024,STORE043,Balanced national benchmark,2024-10-20
SE00025,STORE078,Balanced systemic website,2025-05-08
SE00026,STORE003,Seamless uniform hierarchy,2025-01-15
SE00027,STORE046,Quality-focused real-time standardization,2024-10-30
SE00028,STORE032,Distributed 4thgeneration projection,2024-08-20
SE00029,STORE043,Grass-roots impactful flexibility,2025-01-08
SE00030,STORE003,Compatible foreground task-force,2025-03-08
SE00031,STORE074,Persevering solution-oriented benchmark,2024-12-11
SE00032,STORE063,User-centric dedicated array,2024-10-11
SE00033,STORE040,Configurable full-range system engine,2024-11-21
SE00034,STORE018,Right-sized human-resource hardware,2024-11-17
SE00035,STORE067,Pre-emptive solution-oriented orchestration,2024-06-28
SE00036,STORE062,Seamless intangible forecast,2024-11-05
SE00037,STORE010,Stand-alone systematic structure,2024-08-06
SE00038,STORE052,Ameliorated bi-directional ability,2025-05-03
SE00039,STORE073,Grass-roots zero administration flexibility,2024-11-24
SE00040,STORE046,Secured uniform neural-net,2024-09-30
SE00041,STORE055,Up-sized mobile infrastructure,2024-08-04
SE00042,STORE046,Vision-oriented asymmetric info-mediaries,2025-01-18
SE00043,STORE075,Progressive static array,2024-05-26
SE00044,STORE060,Reactive tertiary matrices,2024-11-04
SE00045,STORE026,Assimilated maximized archive,2025-01-11
SE00046,STORE027,Vision-oriented fault-tolerant approach,2024-09-10
SE00047,STORE038,Right-sized 24/7 contingency,2024-10-30
SE00048,STORE022,Proactive scalable pricing structure,2024-11-16
SE00049,STORE026,Programmable maximized portal,2024-06-22
SE00050,STORE069,Horizontal fault-tolerant implementation,2024-07-03
SE00051,STORE035,Cloned radical capacity,2024-11-11
SE00052,STORE066,Reactive holistic core,2025-05-25
SE00053,STORE073,Balanced bifurcated support,2024-08-26
SE00054,STORE051,Operative actuating matrices,2025-04-19
SE00055,STORE018,Fundamental zero-defect encryption,2024-05-29
SE00056,STORE043,Ergonomic analyzing emulation,2024-09-21
SE00057,STORE012,Synergistic 5thgeneration hardware,2025-05-05
SE00058,STORE003,Monitored secondary customer loyalty,2025-03-10
SE00059,STORE007,Function-based non-volatile focus group,2024-06-29
SE00060,STORE006,Compatible bi-directional parallelism,2025-03-14
SE00061,STORE045,Exclusive encompassing application,2025-03-01
SE00062,STORE039,Cross-group client-driven Graphical User Interface,2025-01-15
SE00063,STORE051,Organic mobile projection,2024-08-17
SE00064,STORE009,Cloned impactful framework,2024-06-13
SE00065,STORE023,Horizontal human-resource analyzer,2025-02-04
SE00066,STORE012,Multi-tiered value-added capability,2024-08-15
SE00067,STORE062,Re-contextualized static middleware,2025-04-05
SE00068,STORE073,Decentralized impactful secured line,2024-09-07
SE00069,STORE077,Balanced maximized archive,2025-04-06
SE00070,STORE040,Profit-focused value-added benchmark,2024-09-04
SE00071,STORE054,Robust background policy,2025-02-22
SE00072,STORE007,Diverse dynamic ability,2024-06-22
SE00073,STORE017,Reduced next generation framework,2025-05-05
SE00074,STORE050,De-engineered zero tolerance matrix,2024-09-23
SE00075,STORE024,Programmable stable hub,2025-05-23
SE00076,STORE002,Organized leadingedge model,2025-05-13
SE00077,STORE033,Vision-oriented multi-tasking encryption,2025-05-11
SE00078,STORE021,Pre-emptive system-worthy installation,2024-09-29
SE00079,STORE074,Exclusive fault-tolerant time-frame,2024-11-08
SE00080,STORE053,Function-based intangible pricing structure,2024-10-06
SE00081,STORE046,Quality-focused asynchronous intranet,2024-10-25
SE00082,STORE045,Public-key uniform installation,2025-01-16
SE00083,STORE009,Configurable background analyzer,2025-04-15
SE00084,STORE006,Secured tangible hierarchy,2025-03-01
SE00085,STORE051,Distributed encompassing application,2024-12-09
SE00086,STORE035,Secured 24/7 groupware,2025-04-28
SE00087,STORE053,Re-contextualized content-based pricing structure,2024-06-17
SE00088,STORE019,Assimilated mission-critical time-frame,2024-11-01
SE00089,STORE069,Fundamental responsive encryption,2025-02-14
SE00090,STORE025,Ameliorated systematic intranet,2024-08-11
SE00091,STORE011,Multi-lateral 4thgeneration portal,2025-01-01
SE00092,STORE074,Centralized attitude-oriented policy,2024-11-14
SE00093,STORE017,Sharable zero tolerance instruction set,2025-04-09
SE00094,STORE036,Implemented 4thgeneration frame,2025-05-08
SE00095,STORE021,Open-architected fresh-thinking installation,2024-12-08
SE00096,STORE018,Enterprise-wide homogeneous moderator,2025-02-25
SE00097,STORE060,Optional heuristic capacity,2025-01-02
SE00098,STORE018,Realigned cohesive paradigm,2024-10-20
SE00099,STORE001,Compatible optimizing artificial intelligence,2024-11-16
SE00100,STORE014,Extended bifurcated info-mediaries,2024-11-06
